id,sleep_stage
9000,0
9001,3
9002,1
9003,3
9004,3
9005,0
9006,2
9007,1
9008,0
9009,1
9010,2
9011,3
9012,3
9013,3
9014,0
9015,2
9016,1
9017,1
9018,0
9019,3
9020,0
9021,1
9022,2
9023,3
9024,1
9025,3
9026,0
9027,3
9028,0
9029,0
9030,3
9031,3
9032,2
9033,1
9034,1
9035,1
9036,0
9037,1
9038,3
9039,2
9040,3
9041,1
9042,1
9043,3
9044,1
9045,3
9046,3
9047,0
9048,1
9049,1
9050,2
9051,1
9052,3
9053,0
9054,0
9055,1
9056,1
9057,1
9058,1
9059,3
9060,0
9061,3
9062,0
9063,0
9064,3
9065,0
9066,3
9067,3
9068,2
9069,2
9070,3
9071,3
9072,3
9073,3
9074,1
9075,1
9076,2
9077,1
9078,1
9079,1
9080,3
9081,3
9082,2
9083,2
9084,1
9085,2
9086,0
9087,3
9088,3
9089,0
9090,0
9091,2
9092,3
9093,1
9094,2
9095,0
9096,2
9097,3
9098,2
9099,3
9100,0
9101,3
9102,0
9103,0
9104,1
9105,3
9106,2
9107,3
9108,1
9109,2
9110,0
9111,0
9112,1
9113,0
9114,0
9115,0
9116,1
9117,1
9118,1
9119,0
9120,1
9121,0
9122,1
9123,3
9124,1
9125,0
9126,0
9127,0
9128,2
9129,0
9130,2
9131,0
9132,1
9133,1
9134,1
9135,3
9136,3
9137,1
9138,0
9139,2
9140,1
9141,0
9142,3
9143,1
9144,0
9145,1
9146,1
9147,3
9148,0
9149,2
9150,0
9151,3
9152,1
9153,0
9154,2
9155,2
9156,3
9157,3
9158,0
9159,2
9160,1
9161,1
9162,2
9163,1
9164,2
9165,2
9166,3
9167,3
9168,2
9169,2
9170,0
9171,0
9172,0
9173,3
9174,3
9175,1
9176,2
9177,3
9178,3
9179,2
9180,2
9181,2
9182,3
9183,2
9184,3
9185,3
9186,1
9187,0
9188,0
9189,3
9190,1
9191,1
9192,2
9193,2
9194,1
9195,3
9196,0
9197,0
9198,2
9199,3
9200,2
9201,3
9202,2
9203,2
9204,1
9205,0
9206,1
9207,0
9208,3
9209,0
9210,2
9211,3
9212,2
9213,0
9214,3
9215,3
9216,3
9217,3
9218,3
9219,3
9220,0
9221,1
9222,1
9223,0
9224,1
9225,3
9226,3
9227,3
9228,0
9229,0
9230,3
9231,2
9232,3
9233,0
9234,3
9235,1
9236,1
9237,2
9238,0
9239,3
9240,3
9241,3
9242,1
9243,1
9244,1
9245,0
9246,3
9247,0
9248,3
9249,2
9250,3
9251,1
9252,1
9253,1
9254,3
9255,1
9256,2
9257,2
9258,1
9259,1
9260,3
9261,1
9262,0
9263,3
9264,3
9265,1
9266,2
9267,1
9268,3
9269,1
9270,1
9271,2
9272,2
9273,2
9274,1
9275,2
9276,2
9277,2
9278,2
9279,2
9280,1
9281,1
9282,0
9283,2
9284,2
9285,2
9286,0
9287,2
9288,1
9289,2
9290,1
9291,1
9292,1
9293,0
9294,3
9295,1
9296,1
9297,2
9298,0
9299,1
9300,0
9301,3
9302,0
9303,2
9304,3
9305,0
9306,1
9307,1
9308,1
9309,3
9310,3
9311,0
9312,2
9313,1
9314,3
9315,0
9316,3
9317,3
9318,3
9319,3
9320,1
9321,0
9322,3
9323,0
9324,1
9325,3
9326,3
9327,1
9328,1
9329,0
9330,3
9331,1
9332,3
9333,2
9334,0
9335,1
9336,3
9337,1
9338,2
9339,3
9340,3
9341,2
9342,1
9343,3
9344,1
9345,2
9346,2
9347,1
9348,2
9349,3
9350,1
9351,1
9352,3
9353,1
9354,1
9355,1
9356,2
9357,1
9358,2
9359,1
9360,1
9361,2
9362,0
9363,1
9364,1
9365,1
9366,0
9367,2
9368,0
9369,2
9370,0
9371,3
9372,3
9373,3
9374,3
9375,0
9376,3
9377,3
9378,3
9379,0
9380,0
9381,1
9382,3
9383,0
9384,1
9385,0
9386,3
9387,2
9388,3
9389,0
9390,0
9391,3
9392,0
9393,0
9394,0
9395,0
9396,1
9397,3
9398,2
9399,2
9400,1
9401,1
9402,3
9403,3
9404,2
9405,2
9406,3
9407,3
9408,0
9409,2
9410,2
9411,2
9412,3
9413,0
9414,1
9415,2
9416,1
9417,3
9418,3
9419,3
9420,3
9421,1
9422,0
9423,3
9424,3
9425,0
9426,2
9427,0
9428,2
9429,2
9430,3
9431,0
9432,1
9433,3
9434,1
9435,0
9436,1
9437,2
9438,3
9439,0
9440,0
9441,2
9442,2
9443,1
9444,2
9445,1
9446,2
9447,2
9448,3
9449,3
9450,3
9451,1
9452,0
9453,1
9454,0
9455,2
9456,3
9457,2
9458,0
9459,3
9460,1
9461,1
9462,2
9463,3
9464,0
9465,1
9466,1
9467,2
9468,2
9469,2
9470,3
9471,0
9472,0
9473,1
9474,2
9475,3
9476,1
9477,2
9478,0
9479,1
9480,2
9481,1
9482,3
9483,1
9484,1
9485,2
9486,3
9487,1
9488,3
9489,2
9490,3
9491,0
9492,3
9493,0
9494,3
9495,3
9496,2
9497,1
9498,3
9499,2
9500,2
9501,0
9502,3
9503,3
9504,0
9505,2
9506,1
9507,0
9508,2
9509,1
9510,1
9511,2
9512,0
9513,3
9514,2
9515,2
9516,1
9517,0
9518,3
9519,0
9520,3
9521,3
9522,0
9523,1
9524,2
9525,1
9526,1
9527,3
9528,2
9529,2
9530,0
9531,0
9532,1
9533,2
9534,2
9535,0
9536,3
9537,0
9538,2
9539,0
9540,2
9541,1
9542,2
9543,0
9544,3
9545,3
9546,1
9547,1
9548,2
9549,1
9550,0
9551,2
9552,2
9553,1
9554,2
9555,1
9556,1
9557,0
9558,0
9559,1
9560,0
9561,1
9562,0
9563,2
9564,1
9565,3
9566,1
9567,2
9568,3
9569,1
9570,3
9571,1
9572,1
9573,1
9574,2
9575,2
9576,3
9577,3
9578,3
9579,3
9580,2
9581,2
9582,0
9583,2
9584,1
9585,2
9586,0
9587,2
9588,2
9589,2
9590,1
9591,1
9592,3
9593,1
9594,2
9595,2
9596,1
9597,0
9598,0
9599,0
9600,2
9601,3
9602,2
9603,1
9604,0
9605,3
9606,2
9607,1
9608,0
9609,0
9610,3
9611,3
9612,1
9613,1
9614,3
9615,2
9616,1
9617,2
9618,3
9619,0
9620,1
9621,3
9622,0
9623,1
9624,0
9625,3
9626,1
9627,3
9628,0
9629,1
9630,2
9631,3
9632,2
9633,3
9634,3
9635,0
9636,1
9637,0
9638,3
9639,2
9640,2
9641,3
9642,1
9643,2
9644,2
9645,0
9646,2
9647,0
9648,0
9649,2
9650,0
9651,1
9652,0
9653,3
9654,0
9655,2
9656,2
9657,3
9658,0
9659,0
9660,3
9661,3
9662,2
9663,1
9664,0
9665,3
9666,3
9667,3
9668,3
9669,3
9670,1
9671,3
9672,3
9673,2
9674,2
9675,3
9676,2
9677,2
9678,0
9679,3
9680,0
9681,1
9682,1
9683,2
9684,3
9685,0
9686,1
9687,0
9688,1
9689,3
9690,2
9691,0
9692,3
9693,2
9694,1
9695,0
9696,2
9697,2
9698,3
9699,2
9700,1
9701,2
9702,0
9703,2
9704,3
9705,2
9706,0
9707,3
9708,2
9709,3
9710,2
9711,1
9712,3
9713,2
9714,3
9715,2
9716,2
9717,2
9718,3
9719,3
9720,1
9721,2
9722,0
9723,2
9724,1
9725,2
9726,2
9727,2
9728,3
9729,2
9730,3
9731,0
9732,1
9733,2
9734,3
9735,1
9736,0
9737,2
9738,3
9739,3
9740,1
9741,0
9742,1
9743,0
9744,2
9745,1
9746,0
9747,3
9748,0
9749,0
9750,1
9751,0
9752,3
9753,1
9754,0
9755,1
9756,0
9757,1
9758,2
9759,0
9760,3
9761,2
9762,3
9763,0
9764,1
9765,0
9766,1
9767,2
9768,3
9769,0
9770,3
9771,3
9772,0
9773,3
9774,0
9775,0
9776,2
9777,2
9778,1
9779,1
9780,2
9781,1
9782,2
9783,2
9784,2
9785,3
9786,3
9787,3
9788,2
9789,0
9790,3
9791,0
9792,2
9793,3
9794,0
9795,1
9796,1
9797,2
9798,3
9799,2
9800,3
9801,2
9802,1
9803,0
9804,0
9805,1
9806,1
9807,0
9808,2
9809,3
9810,0
9811,2
9812,1
9813,1
9814,0
9815,3
9816,1
9817,0
9818,0
9819,1
9820,2
9821,2
9822,3
9823,0
9824,0
9825,2
9826,0
9827,3
9828,2
9829,2
9830,0
9831,3
9832,1
9833,0
9834,2
9835,2
9836,2
9837,2
9838,1
9839,1
9840,2
9841,1
9842,3
9843,1
9844,3
9845,1
9846,2
9847,1
9848,2
9849,1
9850,2
9851,3
9852,1
9853,2
9854,1
9855,1
9856,3
9857,1
9858,3
9859,1
9860,2
9861,0
9862,0
9863,0
9864,2
9865,2
9866,1
9867,2
9868,1
9869,3
9870,2
9871,1
9872,2
9873,1
9874,1
9875,2
9876,2
9877,0
9878,0
9879,1
9880,1
9881,2
9882,2
9883,1
9884,2
9885,0
9886,3
9887,0
9888,2
9889,3
9890,2
9891,3
9892,0
9893,0
9894,0
9895,1
9896,3
9897,3
9898,3
9899,0
9900,1
9901,3
9902,2
9903,3
9904,0
9905,0
9906,1
9907,0
9908,1
9909,0
9910,3
9911,1
9912,1
9913,1
9914,0
9915,1
9916,0
9917,3
9918,3
9919,0
9920,3
9921,0
9922,2
9923,0
9924,2
9925,2
9926,1
9927,3
9928,2
9929,0
9930,1
9931,2
9932,2
9933,2
9934,0
9935,2
9936,1
9937,3
9938,0
9939,3
9940,2
9941,2
9942,3
9943,3
9944,0
9945,0
9946,3
9947,2
9948,2
9949,2
9950,3
9951,0
9952,2
9953,2
9954,2
9955,3
9956,2
9957,2
9958,2
9959,1
9960,3
9961,1
9962,0
9963,3
9964,3
9965,0
9966,0
9967,1
9968,3
9969,2
9970,2
9971,0
9972,1
9973,2
9974,2
9975,2
9976,0
9977,2
9978,1
9979,3
9980,3
9981,1
9982,3
9983,1
9984,1
9985,1
9986,2
9987,1
9988,2
9989,2
9990,2
9991,3
9992,2
9993,1
9994,0
9995,0
9996,1
9997,0
9998,1
9999,3
10000,3
10001,2
10002,3
10003,0
10004,2
10005,3
10006,1
10007,0
10008,1
10009,1
10010,2
10011,3
10012,3
10013,1
10014,1
10015,1
10016,0
10017,0
10018,2
10019,0
10020,3
10021,1
10022,0
10023,1
10024,0
10025,2
10026,1
10027,3
10028,3
10029,1
10030,1
10031,2
10032,3
10033,3
10034,2
10035,0
10036,3
10037,2
10038,3
10039,1
10040,3
10041,3
10042,3
10043,3
10044,3
10045,1
10046,1
10047,1
10048,0
10049,2
10050,2
10051,2
10052,3
10053,3
10054,1
10055,2
10056,0
10057,2
10058,1
10059,1
10060,3
10061,2
10062,3
10063,1
10064,2
10065,1
10066,1
10067,3
10068,0
10069,1
10070,3
10071,2
10072,1
10073,2
10074,2
10075,3
10076,3
10077,1
10078,3
10079,0
10080,2
10081,1
10082,1
10083,1
10084,2
10085,0
10086,2
10087,1
10088,1
10089,1
10090,0
10091,1
10092,2
10093,0
10094,2
10095,2
10096,3
10097,3
10098,0
10099,1
10100,1
10101,2
10102,2
10103,1
10104,2
10105,2
10106,1
10107,3
10108,1
10109,3
10110,1
10111,1
10112,1
10113,3
10114,2
10115,3
10116,1
10117,0
10118,3
10119,2
10120,3
10121,0
10122,1
10123,1
10124,3
10125,0
10126,3
10127,2
10128,3
10129,1
10130,2
10131,2
10132,1
10133,1
10134,2
10135,3
10136,0
10137,3
10138,0
10139,2
10140,1
10141,3
10142,3
10143,0
10144,1
10145,0
10146,1
10147,1
10148,2
10149,3
10150,2
10151,3
10152,3
10153,1
10154,2
10155,3
10156,0
10157,1
10158,3
10159,2
10160,2
10161,3
10162,2
10163,3
10164,2
10165,1
10166,2
10167,1
10168,0
10169,2
10170,0
10171,1
10172,2
10173,3
10174,1
10175,3
10176,1
10177,3
10178,2
10179,0
10180,2
10181,0
10182,1
10183,3
10184,2
10185,3
10186,3
10187,1
10188,0
10189,2
10190,1
10191,0
10192,0
10193,3
10194,2
10195,1
10196,0
10197,0
10198,1
10199,3
10200,2
10201,2
10202,3
10203,3
10204,3
10205,2
10206,0
10207,1
10208,0
10209,2
10210,1
10211,0
10212,3
10213,2
10214,2
10215,3
10216,1
10217,1
10218,1
10219,0
10220,0
10221,2
10222,2
10223,2
10224,0
10225,0
10226,3
10227,2
10228,0
10229,1
10230,2
10231,0
10232,1
10233,3
10234,2
10235,2
10236,2
10237,1
10238,2
10239,1
10240,0
10241,2
10242,1
10243,1
10244,1
10245,2
10246,3
10247,0
10248,2
10249,3
10250,1
10251,0
10252,2
10253,2
10254,1
10255,0
10256,0
10257,3
10258,0
10259,2
10260,2
10261,2
10262,2
10263,0
10264,3
10265,2
10266,0
10267,1
10268,2
10269,3
10270,0
10271,0
10272,2
10273,2
10274,1
10275,1
10276,2
10277,1
10278,0
10279,0
10280,0
10281,3
10282,2
10283,0
10284,0
10285,1
10286,2
10287,1
10288,1
10289,0
10290,3
10291,3
10292,3
10293,1
10294,1
10295,2
10296,3
10297,2
10298,2
10299,1
10300,1
10301,1
10302,0
10303,3
10304,3
10305,2
10306,3
10307,2
10308,2
10309,0
10310,0
10311,3
10312,1
10313,2
10314,3
10315,3
10316,3
10317,1
10318,2
10319,2
10320,1
10321,1
10322,0
10323,2
10324,3
10325,1
10326,0
10327,2
10328,3
10329,2
10330,0
10331,0
10332,1
10333,2
10334,2
10335,0
10336,1
10337,2
10338,2
10339,0
10340,2
10341,2
10342,1
10343,0
10344,0
10345,3
10346,2
10347,1
10348,3
10349,3
10350,0
10351,2
10352,2
10353,1
10354,1
10355,2
10356,1
10357,1
10358,2
10359,2
10360,2
10361,0
10362,2
10363,2
10364,0
10365,2
10366,0
10367,3
10368,0
10369,0
10370,1
10371,0
10372,3
10373,1
10374,3
10375,2
10376,0
10377,2
10378,2
10379,0
10380,3
10381,0
10382,3
10383,0
10384,2
10385,1
10386,3
10387,2
10388,3
10389,2
10390,2
10391,0
10392,0
10393,0
10394,1
10395,3
10396,1
10397,3
10398,3
10399,1
10400,3
10401,1
10402,0
10403,3
10404,1
10405,1
10406,1
10407,1
10408,1
10409,2
10410,2
10411,3
10412,2
10413,3
10414,0
10415,1
10416,2
10417,3
10418,2
10419,3
10420,2
10421,3
10422,2
10423,0
10424,3
10425,1
10426,2
10427,0
10428,0
10429,3
10430,2
10431,1
10432,0
10433,3
10434,3
10435,1
10436,3
10437,3
10438,0
10439,0
10440,1
10441,2
10442,1
10443,2
10444,2
10445,3
10446,3
10447,0
10448,2
10449,0
10450,3
10451,2
10452,1
10453,1
10454,3
10455,3
10456,0
10457,2
10458,1
10459,0
10460,3
10461,2
10462,3
10463,1
10464,2
10465,3
10466,1
10467,0
10468,2
10469,1
10470,3
10471,3
10472,0
10473,2
10474,2
10475,0
10476,0
10477,1
10478,2
10479,2
10480,2
10481,0
10482,0
10483,3
10484,1
10485,3
10486,0
10487,2
10488,2
10489,1
10490,1
10491,3
10492,0
10493,2
10494,3
10495,3
10496,1
10497,0
10498,0
10499,2
10500,0
10501,3
10502,2
10503,3
10504,1
10505,0
10506,0
10507,3
10508,1
10509,2
10510,0
10511,2
10512,1
10513,1
10514,3
10515,2
10516,2
10517,2
10518,2
10519,2
10520,0
10521,3
10522,1
10523,2
10524,3
10525,2
10526,1
10527,0
10528,2
10529,0
10530,1
10531,1
10532,1
10533,2
10534,0
10535,1
10536,2
10537,2
10538,3
10539,0
10540,0
10541,2
10542,2
10543,2
10544,2
10545,3
10546,3
10547,2
10548,2
10549,3
10550,3
10551,2
10552,0
10553,2
10554,2
10555,2
10556,2
10557,3
10558,3
10559,3
10560,0
10561,1
10562,0
10563,1
10564,1
10565,2
10566,3
10567,2
10568,3
10569,2
10570,3
10571,3
10572,1
10573,2
10574,1
10575,0
10576,2
10577,1
10578,0
10579,3
10580,3
10581,3
10582,2
10583,2
10584,0
10585,2
10586,2
10587,2
10588,0
10589,1
10590,2
10591,1
10592,2
10593,3
10594,1
10595,2
10596,3
10597,0
10598,2
10599,3
10600,0
10601,2
10602,3
10603,2
10604,2
10605,3
10606,1
10607,3
10608,3
10609,2
10610,2
10611,1
10612,3
10613,0
10614,3
10615,2
10616,2
10617,1
10618,0
10619,1
10620,2
10621,0
10622,3
10623,3
10624,0
10625,0
10626,1
10627,1
10628,2
10629,1
10630,1
10631,1
10632,1
10633,0
10634,1
10635,3
10636,0
10637,0
10638,1
10639,1
10640,3
10641,0
10642,1
10643,0
10644,2
10645,3
10646,0
10647,2
10648,1
10649,2
10650,1
10651,0
10652,1
10653,0
10654,2
10655,1
10656,1
10657,2
10658,2
10659,3
10660,2
10661,3
10662,2
10663,0
10664,3
10665,0
10666,1
10667,1
10668,0
10669,0
10670,0
10671,0
10672,1
10673,2
10674,3
10675,1
10676,0
10677,2
10678,1
10679,1
10680,3
10681,2
10682,1
10683,1
10684,2
10685,0
10686,0
10687,1
10688,1
10689,2
10690,0
10691,2
10692,1
10693,3
10694,3
10695,3
10696,1
10697,2
10698,2
10699,2
10700,2
10701,1
10702,0
10703,3
10704,1
10705,0
10706,1
10707,0
10708,0
10709,2
10710,3
10711,0
10712,0
10713,3
10714,1
10715,1
10716,0
10717,1
10718,2
10719,2
10720,3
10721,0
10722,0
10723,2
10724,1
10725,3
10726,0
10727,3
10728,1
10729,0
10730,0
10731,0
10732,1
10733,1
10734,2
10735,3
10736,3
10737,0
10738,2
10739,1
10740,0
10741,1
10742,2
10743,3
10744,2
10745,3
10746,1
10747,1
10748,1
10749,0
10750,1
10751,1
10752,3
10753,3
10754,2
10755,1
10756,0
10757,0
10758,1
10759,3
10760,0
10761,1
10762,3
10763,2
10764,3
10765,1
10766,3
10767,1
10768,3
10769,1
10770,2
10771,0
10772,2
10773,0
10774,1
10775,0
10776,2
10777,0
10778,0
10779,2
10780,1
10781,2
10782,3
10783,1
10784,3
10785,2
10786,0
10787,1
10788,3
10789,1
10790,2
10791,3
10792,3
10793,3
10794,2
10795,2
10796,0
10797,2
10798,3
10799,3
10800,3
10801,2
10802,1
10803,2
10804,0
10805,2
10806,1
10807,3
10808,0
10809,2
10810,0
10811,2
10812,0
10813,3
10814,3
10815,3
10816,1
10817,1
10818,1
10819,3
10820,3
10821,3
10822,0
10823,3
10824,1
10825,1
10826,1
10827,1
10828,2
10829,0
10830,1
10831,1
10832,1
10833,1
10834,2
10835,3
10836,0
10837,1
10838,0
10839,3
10840,0
10841,3
10842,3
10843,3
10844,3
10845,3
10846,3
10847,2
10848,3
10849,3
10850,3
10851,0
10852,3
10853,3
10854,1
10855,3
10856,2
10857,1
10858,0
10859,0
10860,3
10861,1
10862,1
10863,1
10864,1
10865,3
10866,0
10867,2
10868,3
10869,2
10870,1
10871,1
10872,2
10873,3
10874,1
10875,0
10876,3
10877,1
10878,2
10879,2
10880,0
10881,3
10882,0
10883,3
10884,2
10885,1
10886,2
10887,1
10888,0
10889,3
10890,1
10891,3
10892,3
10893,0
10894,3
10895,2
10896,1
10897,2
10898,3
10899,3
10900,2
10901,3
10902,3
10903,2
10904,2
10905,2
10906,3
10907,2
10908,0
10909,2
10910,0
10911,1
10912,0
10913,0
10914,3
10915,3
10916,0
10917,1
10918,1
10919,1
10920,0
10921,3
10922,1
10923,2
10924,3
10925,2
10926,1
10927,1
10928,2
10929,1
10930,0
10931,3
10932,0
10933,3
10934,3
10935,2
10936,2
10937,2
10938,2
10939,0
10940,2
10941,2
10942,2
10943,2
10944,0
10945,3
10946,0
10947,1
10948,3
10949,0
10950,0
10951,2
10952,0
10953,0
10954,2
10955,2
10956,2
10957,1
10958,3
10959,3
10960,2
10961,0
10962,0
10963,1
10964,1
10965,1
10966,3
10967,2
10968,1
10969,0
10970,0
10971,2
10972,0
10973,2
10974,1
10975,2
10976,0
10977,2
10978,3
10979,1
10980,0
10981,0
10982,3
10983,0
10984,2
10985,1
10986,2
10987,3
10988,1
10989,0
10990,3
10991,1
10992,2
10993,3
10994,2
10995,0
10996,1
10997,3
10998,2
10999,0
11000,2
11001,0
11002,1
11003,1
11004,3
11005,2
11006,1
11007,3
11008,2
11009,2
11010,0
11011,2
11012,0
11013,2
11014,0
11015,0
11016,1
11017,1
11018,0
11019,3
11020,2
11021,1
11022,0
11023,0
11024,3
11025,1
11026,0
11027,0
11028,1
11029,3
11030,2
11031,1
11032,2
11033,2
11034,2
11035,3
11036,1
11037,1
11038,2
11039,3
11040,1
11041,2
11042,0
11043,3
11044,3
11045,2
11046,0
11047,2
11048,2
11049,2
11050,2
11051,1
11052,1
11053,0
11054,0
11055,1
11056,0
11057,0
11058,1
11059,2
11060,1
11061,2
11062,1
11063,0
11064,2
11065,2
11066,2
11067,3
11068,1
11069,3
11070,0
11071,3
11072,2
11073,1
11074,2
11075,1
11076,3
11077,2
11078,1
11079,0
11080,2
11081,3
11082,2
11083,2
11084,2
11085,2
11086,0
11087,0
11088,0
11089,2
11090,2
11091,1
11092,0
11093,2
11094,0
11095,3
11096,1
11097,0
11098,0
11099,1
11100,0
11101,0
11102,0
11103,1
11104,0
11105,2
11106,2
11107,3
11108,3
11109,2
11110,3
11111,2
11112,0
11113,1
11114,2
11115,2
11116,0
11117,1
11118,1
11119,1
11120,0
11121,2
11122,2
11123,0
11124,0
11125,3
11126,2
11127,1
11128,2
11129,2
11130,2
11131,1
11132,3
11133,2
11134,3
11135,1
11136,0
11137,3
11138,3
11139,1
11140,0
11141,3
11142,0
11143,3
11144,3
11145,2
11146,3
11147,0
11148,1
11149,3
11150,1
11151,2
11152,0
11153,2
11154,1
11155,0
11156,3
11157,2
11158,0
11159,2
11160,2
11161,1
11162,1
11163,2
11164,2
11165,3
11166,1
11167,3
11168,0
11169,3
11170,3
11171,3
11172,2
11173,1
11174,3
11175,0
11176,1
11177,0
11178,3
11179,1
11180,0
11181,3
11182,0
11183,2
11184,2
11185,3
11186,2
11187,0
11188,1
11189,0
11190,0
11191,1
11192,1
11193,3
11194,1
11195,3
11196,2
11197,2
11198,3
11199,1
11200,0
11201,2
11202,0
11203,1
11204,1
11205,1
11206,3
11207,0
11208,3
11209,2
11210,1
11211,2
11212,1
11213,3
11214,2
11215,3
11216,2
11217,2
11218,1
11219,0
11220,0
11221,1
11222,1
11223,1
11224,3
11225,1
11226,2
11227,0
11228,1
11229,3
11230,1
11231,0
11232,3
11233,3
11234,2
11235,0
11236,3
11237,2
11238,0
11239,1
11240,3
11241,3
11242,3
11243,2
11244,0
11245,1
11246,3
11247,0
11248,2
11249,3
11250,0
11251,2
11252,0
11253,3
11254,2
11255,0
11256,3
11257,3
11258,3
11259,2
11260,1
11261,3
11262,3
11263,3
11264,2
11265,2
11266,3
11267,0
11268,3
11269,0
11270,0
11271,2
11272,1
11273,2
11274,3
11275,0
11276,3
11277,0
11278,2
11279,2
11280,3
11281,0
11282,0
11283,3
11284,0
11285,3
11286,0
11287,2
11288,2
11289,3
11290,0
11291,1
11292,2
11293,3
11294,3
11295,0
11296,0
11297,0
11298,2
11299,1
11300,2
11301,3
11302,1
11303,1
11304,1
11305,2
11306,3
11307,0
11308,1
11309,3
11310,1
11311,3
11312,1
11313,3
11314,2
11315,2
11316,3
11317,1
11318,0
11319,3
11320,1
11321,2
11322,1
11323,1
11324,1
11325,2
11326,3
11327,1
11328,2
11329,1
11330,1
11331,0
11332,2
11333,2
11334,1
11335,1
11336,3
11337,2
11338,2
11339,0
11340,3
11341,0
11342,2
11343,3
11344,0
11345,3
11346,2
11347,3
11348,1
11349,0
11350,0
11351,2
11352,1
11353,1
11354,0
11355,0
11356,2
11357,0
11358,3
11359,2
11360,0
11361,3
11362,3
11363,3
11364,0
11365,3
11366,0
11367,0
11368,3
11369,1
11370,3
11371,3
11372,3
11373,1
11374,0
11375,3
11376,2
11377,0
11378,2
11379,3
11380,0
11381,0
11382,1
11383,3
11384,0
11385,2
11386,0
11387,3
11388,0
11389,1
11390,3
11391,3
11392,0
11393,0
11394,1
11395,1
11396,3
11397,3
11398,3
11399,0
11400,2
11401,0
11402,3
11403,1
11404,0
11405,0
11406,1
11407,0
11408,3
11409,1
11410,0
11411,2
11412,2
11413,2
11414,2
11415,2
11416,3
11417,1
11418,2
11419,1
11420,1
11421,2
11422,2
11423,3
11424,2
11425,3
11426,1
11427,1
11428,0
11429,3
11430,2
11431,1
11432,0
11433,2
11434,1
11435,2
11436,0
11437,3
11438,2
11439,2
11440,3
11441,3
11442,0
11443,1
11444,0
11445,2
11446,3
11447,2
11448,1
11449,2
11450,1
11451,3
11452,2
11453,2
11454,2
11455,0
11456,3
11457,3
11458,2
11459,1
11460,3
11461,2
11462,1
11463,2
11464,2
11465,1
11466,2
11467,1
11468,3
11469,1
11470,1
11471,3
11472,0
11473,3
11474,0
11475,3
11476,3
11477,2
11478,3
11479,0
11480,0
11481,1
11482,3
11483,0
11484,0
11485,3
11486,2
11487,3
11488,0
11489,2
11490,1
11491,0
11492,3
11493,0
11494,2
11495,1
11496,3
11497,2
11498,3
11499,1
11500,1
11501,3
11502,3
11503,1
11504,3
11505,2
11506,2
11507,0
11508,2
11509,2
11510,1
11511,3
11512,3
11513,0
11514,2
11515,2
11516,0
11517,0
11518,1
11519,0
11520,2
11521,0
11522,1
11523,1
11524,3
11525,2
11526,3
11527,2
11528,1
11529,3
11530,2
11531,3
11532,1
11533,2
11534,3
11535,1
11536,3
11537,1
11538,0
11539,3
11540,1
11541,2
11542,1
11543,2
11544,1
11545,0
11546,0
11547,3
11548,1
11549,0
11550,1
11551,1
11552,1
11553,3
11554,0
11555,3
11556,3
11557,3
11558,3
11559,2
11560,0
11561,2
11562,3
11563,2
11564,2
11565,1
11566,3
11567,1
11568,2
11569,3
11570,0
11571,2
11572,1
11573,2
11574,3
11575,1
11576,1
11577,1
11578,1
11579,2
11580,2
11581,2
11582,0
11583,3
11584,0
11585,0
11586,1
11587,1
11588,1
11589,2
11590,2
11591,2
11592,0
11593,0
11594,2
11595,2
11596,1
11597,0
11598,3
11599,3
11600,3
11601,3
11602,3
11603,2
11604,3
11605,1
11606,1
11607,2
11608,3
11609,2
11610,3
11611,2
11612,0
11613,3
11614,0
11615,1
11616,3
11617,0
11618,2
11619,1
11620,0
11621,0
11622,1
11623,0
11624,0
11625,0
11626,0
11627,3
11628,1
11629,3
11630,0
11631,1
11632,3
11633,0
11634,3
11635,2
11636,2
11637,3
11638,2
11639,2
11640,3
11641,0
11642,2
11643,0
11644,1
11645,1
11646,3
11647,3
11648,0
11649,1
11650,2
11651,3
11652,3
11653,3
11654,2
11655,2
11656,3
11657,0
11658,1
11659,3
11660,3
11661,1
11662,0
11663,2
11664,0
11665,0
11666,0
11667,1
11668,1
11669,1
11670,2
11671,2
11672,2
11673,3
11674,2
11675,0
11676,2
11677,1
11678,2
11679,1
11680,0
11681,3
11682,3
11683,0
11684,0
11685,3
11686,2
11687,3
11688,0
11689,1
11690,0
11691,0
11692,0
11693,1
11694,0
11695,2
11696,3
11697,0
11698,1
11699,0
11700,0
11701,3
11702,1
11703,2
11704,0
11705,2
11706,1
11707,2
11708,0
11709,1
11710,3
11711,0
11712,3
11713,2
11714,1
11715,3
11716,2
11717,0
11718,3
11719,2
11720,3
11721,0
11722,2
11723,1
11724,3
11725,0
11726,2
11727,3
11728,0
11729,3
11730,1
11731,1
11732,1
11733,3
11734,0
11735,1
11736,3
11737,2
11738,0
11739,1
11740,1
11741,0
11742,3
11743,3
11744,3
11745,1
11746,3
11747,2
11748,3
11749,2
11750,1
11751,1
11752,2
11753,1
11754,1
11755,0
11756,3
11757,3
11758,1
11759,1
11760,1
11761,2
11762,1
11763,3
11764,3
11765,1
11766,1
11767,2
11768,0
11769,3
11770,1
11771,3
11772,2
11773,0
11774,1
11775,1
11776,1
11777,1
11778,0
11779,0
11780,0
11781,0
11782,1
11783,0
11784,2
11785,1
11786,2
11787,3
11788,0
11789,0
11790,2
11791,3
11792,3
11793,2
11794,0
11795,2
11796,0
11797,0
11798,3
11799,1
11800,2
11801,3
11802,0
11803,0
11804,1
11805,3
11806,2
11807,1
11808,3
11809,2
11810,1
11811,1
11812,1
11813,2
11814,1
11815,2
11816,2
11817,2
11818,3
11819,0
11820,2
11821,1
11822,3
11823,3
11824,2
11825,3
11826,3
11827,2
11828,2
11829,2
11830,1
11831,1
11832,2
11833,3
11834,0
11835,3
11836,3
11837,1
11838,2
11839,0
11840,3
11841,1
11842,3
11843,0
11844,2
11845,0
11846,2
11847,2
11848,3
11849,0
11850,2
11851,2
11852,2
11853,1
11854,1
11855,3
11856,2
11857,3
11858,0
11859,1
11860,3
11861,2
11862,2
11863,3
11864,3
11865,0
11866,3
11867,1
11868,2
11869,0
11870,0
11871,1
11872,1
11873,0
11874,0
11875,3
11876,0
11877,1
11878,1
11879,3
11880,2
11881,0
11882,2
11883,0
11884,0
11885,3
11886,0
11887,3
11888,3
11889,3
11890,2
11891,2
11892,3
11893,3
11894,3
11895,1
11896,0
11897,2
11898,3
11899,1
11900,3
11901,1
11902,0
11903,2
11904,3
11905,0
11906,2
11907,1
11908,1
11909,3
11910,3
11911,2
11912,2
11913,0
11914,1
11915,1
11916,0
11917,2
11918,3
11919,2
11920,3
11921,1
11922,1
11923,3
11924,3
11925,2
11926,1
11927,0
11928,2
11929,3
11930,3
11931,1
11932,0
11933,3
11934,1
11935,3
11936,2
11937,3
11938,3
11939,0
11940,3
11941,1
11942,0
11943,1
11944,1
11945,0
11946,3
11947,3
11948,0
11949,2
11950,0
11951,2
11952,3
11953,2
11954,2
11955,1
11956,3
11957,1
11958,0
11959,3
11960,1
11961,0
11962,1
11963,0
11964,3
11965,1
11966,0
11967,1
11968,3
11969,1
11970,1
11971,2
11972,0
11973,2
11974,1
11975,2
11976,0
11977,2
11978,1
11979,1
11980,0
11981,2
11982,1
11983,1
11984,3
11985,3
11986,3
11987,2
11988,3
11989,1
11990,3
11991,1
11992,3
11993,3
11994,3
11995,2
11996,3
11997,1
11998,2
11999,2
12000,2
12001,3
12002,3
12003,3
12004,0
12005,1
12006,1
12007,1
12008,2
12009,1
12010,1
12011,2
12012,0
12013,2
12014,1
12015,2
12016,3
12017,2
12018,0
12019,2
12020,1
12021,1
12022,1
12023,0
12024,1
12025,1
12026,1
12027,0
12028,1
12029,2
12030,1
12031,2
12032,3
12033,3
12034,0
12035,1
12036,2
12037,2
12038,1
12039,1
12040,0
12041,2
12042,2
12043,0
12044,1
12045,1
12046,3
12047,3
12048,3
12049,3
12050,3
12051,1
12052,3
12053,1
12054,1
12055,3
12056,0
12057,2
12058,2
12059,0
12060,2
12061,3
12062,3
12063,3
12064,1
12065,3
12066,0
12067,2
12068,1
12069,1
12070,2
12071,0
12072,3
12073,0
12074,0
12075,0
12076,3
12077,2
12078,2
12079,0
12080,0
12081,0
12082,2
12083,1
12084,2
12085,2
12086,3
12087,0
12088,0
12089,2
12090,2
12091,1
12092,0
12093,1
12094,1
12095,1
12096,1
12097,0
12098,3
12099,1
12100,2
12101,1
12102,0
12103,0
12104,2
12105,2
12106,1
12107,3
12108,2
12109,2
12110,0
12111,3
12112,1
12113,0
12114,3
12115,3
12116,0
12117,3
12118,1
12119,3
12120,2
12121,3
12122,0
12123,0
12124,3
12125,1
12126,2
12127,1
12128,2
12129,1
12130,0
12131,2
12132,3
12133,0
12134,3
12135,0
12136,1
12137,1
12138,1
12139,3
12140,0
12141,1
12142,3
12143,2
12144,2
12145,2
12146,1
12147,3
12148,1
12149,3
12150,1
12151,2
12152,0
12153,2
12154,1
12155,3
12156,1
12157,3
12158,1
12159,1
12160,3
12161,0
12162,2
12163,2
12164,2
12165,0
12166,0
12167,3
12168,1
12169,2
12170,0
12171,0
12172,1
12173,0
12174,1
12175,1
12176,0
12177,3
12178,3
12179,3
12180,3
12181,3
12182,1
12183,2
12184,3
12185,1
12186,0
12187,2
12188,3
12189,2
12190,1
12191,0
12192,0
12193,1
12194,2
12195,0
12196,3
12197,1
12198,2
12199,1
12200,1
12201,0
12202,1
12203,3
12204,1
12205,2
12206,2
12207,0
12208,0
12209,0
12210,3
12211,1
12212,2
12213,2
12214,0
12215,1
12216,0
12217,0
12218,0
12219,0
12220,0
12221,0
12222,1
12223,3
12224,3
12225,2
12226,3
12227,1
12228,0
12229,2
12230,0
12231,2
12232,1
12233,2
12234,1
12235,1
12236,2
12237,3
12238,2
12239,1
12240,3
12241,1
12242,0
12243,2
12244,3
12245,3
12246,2
12247,1
12248,3
12249,1
12250,1
12251,3
12252,3
12253,0
12254,1
12255,2
12256,0
12257,1
12258,3
12259,2
12260,3
12261,0
12262,2
12263,1
12264,3
12265,0
12266,2
12267,1
12268,3
12269,3
12270,3
12271,3
12272,3
12273,3
12274,1
12275,3
12276,1
12277,3
12278,2
12279,3
12280,3
12281,1
12282,1
12283,3
12284,0
12285,1
12286,0
12287,1
12288,3
12289,1
12290,0
12291,0
12292,2
12293,3
12294,2
12295,1
12296,1
12297,2
12298,2
12299,1
12300,0
12301,1
12302,1
12303,2
12304,3
12305,1
12306,3
12307,1
12308,2
12309,0
12310,2
12311,3
12312,2
12313,3
12314,3
12315,3
12316,2
12317,0
12318,1
12319,0
12320,1
12321,3
12322,0
12323,3
12324,3
12325,1
12326,1
12327,3
12328,3
12329,2
12330,3
12331,1
12332,3
12333,1
12334,1
12335,1
12336,2
12337,1
12338,1
12339,0
12340,1
12341,2
12342,3
12343,0
12344,2
12345,0
12346,2
12347,3
12348,1
12349,0
12350,1
12351,0
12352,1
12353,3
12354,0
12355,2
12356,0
12357,0
12358,0
12359,3
12360,1
12361,0
12362,2
12363,2
12364,0
12365,3
12366,1
12367,1
12368,2
12369,1
12370,2
12371,3
12372,2
12373,1
12374,1
12375,2
12376,1
12377,2
12378,3
12379,0
12380,1
12381,2
12382,3
12383,1
12384,1
12385,2
12386,3
12387,2
12388,0
12389,2
12390,1
12391,2
12392,3
12393,1
12394,1
12395,3
12396,1
12397,3
12398,1
12399,3
12400,1
12401,3
12402,1
12403,2
12404,1
12405,0
12406,2
12407,1
12408,0
12409,0
12410,1
12411,0
12412,0
12413,2
12414,0
12415,0
12416,2
12417,2
12418,1
12419,3
12420,2
12421,2
12422,3
12423,2
12424,3
12425,1
12426,3
12427,2
12428,3
12429,1
12430,3
12431,0
12432,3
12433,2
12434,1
12435,0
12436,0
12437,2
12438,3
12439,2
12440,3
12441,1
12442,1
12443,1
12444,3
12445,0
12446,0
12447,3
12448,1
12449,3
12450,3
12451,2
12452,2
12453,1
12454,2
12455,2
12456,3
12457,2
12458,0
12459,3
12460,1
12461,0
12462,3
12463,3
12464,3
12465,1
12466,1
12467,0
12468,3
12469,1
12470,1
12471,3
12472,1
12473,0
12474,3
12475,2
12476,2
12477,0
12478,0
12479,2
12480,2
12481,0
12482,2
12483,0
12484,3
12485,1
12486,1
12487,3
12488,3
12489,3
12490,3
12491,0
12492,0
12493,3
12494,3
12495,1
12496,3
12497,1
12498,0
12499,3
12500,1
12501,0
12502,3
12503,2
12504,0
12505,1
12506,3
12507,3
12508,0
12509,3
12510,0
12511,0
12512,1
12513,0
12514,1
12515,3
12516,1
12517,1
12518,3
12519,2
12520,0
12521,2
12522,0
12523,3
12524,0
12525,1
12526,2
12527,3
12528,3
12529,1
12530,0
12531,3
12532,3
12533,3
12534,2
12535,1
12536,1
12537,1
12538,1
12539,0
12540,1
12541,2
12542,0
12543,2
12544,0
12545,1
12546,1
12547,3
12548,3
12549,0
12550,3
12551,2
12552,3
12553,3
12554,2
12555,0
12556,1
12557,3
12558,3
12559,0
12560,1
12561,2
12562,2
12563,2
12564,2
12565,2
12566,0
12567,1
12568,1
12569,2
12570,3
12571,2
12572,3
12573,2
12574,3
12575,2
12576,1
12577,1
12578,1
12579,1
12580,3
12581,3
12582,2
12583,2
12584,3
12585,1
12586,1
12587,2
12588,2
12589,0
12590,3
12591,3
12592,1
12593,1
12594,0
12595,3
12596,3
12597,3
12598,2
12599,0
12600,2
12601,0
12602,1
12603,0
12604,3
12605,3
12606,2
12607,0
12608,2
12609,2
12610,0
12611,3
12612,0
12613,3
12614,2
12615,3
12616,0
12617,3
12618,1
12619,3
12620,2
12621,2
12622,1
12623,1
12624,1
12625,1
12626,1
12627,1
12628,2
12629,3
12630,0
12631,2
12632,3
12633,3
12634,2
12635,3
12636,3
12637,1
12638,2
12639,1
12640,0
12641,2
12642,3
12643,0
12644,2
12645,1
12646,3
12647,1
12648,3
12649,0
12650,2
12651,0
12652,2
12653,2
12654,3
12655,1
12656,1
12657,1
12658,3
12659,3
12660,2
12661,2
12662,2
12663,3
12664,0
12665,2
12666,1
12667,3
12668,1
12669,0
12670,1
12671,1
12672,1
12673,0
12674,3
12675,2
12676,1
12677,1
12678,1
12679,1
12680,0
12681,3
12682,3
12683,2
12684,3
12685,3
12686,3
12687,2
12688,2
12689,2
12690,2
12691,3
12692,0
12693,2
12694,1
12695,3
12696,0
12697,1
12698,0
12699,1
12700,2
12701,1
12702,2
12703,1
12704,0
12705,1
12706,2
12707,3
12708,3
12709,3
12710,0
12711,0
12712,1
12713,3
12714,0
12715,3
12716,1
12717,0
12718,3
12719,3
12720,3
12721,2
12722,1
12723,0
12724,3
12725,2
12726,1
12727,1
12728,1
12729,1
12730,2
12731,0
12732,2
12733,1
12734,3
12735,1
12736,1
12737,1
12738,1
12739,3
12740,1
12741,1
12742,0
12743,2
12744,2
12745,3
12746,1
12747,2
12748,1
12749,3
12750,2
12751,0
12752,3
12753,3
12754,1
12755,2
12756,1
12757,0
12758,3
12759,0
12760,1
12761,1
12762,3
12763,1
12764,1
12765,2
12766,3
12767,2
12768,1
12769,0
12770,0
12771,3
12772,0
12773,0
12774,1
12775,3
12776,1
12777,2
12778,3
12779,1
12780,1
12781,1
12782,1
12783,0
12784,0
12785,3
12786,3
12787,1
12788,3
12789,1
12790,1
12791,1
12792,2
12793,0
12794,2
12795,0
12796,0
12797,1
12798,2
12799,3
12800,2
12801,0
12802,3
12803,2
12804,2
12805,2
12806,1
12807,0
12808,3
12809,2
12810,1
12811,0
12812,2
12813,0
12814,2
12815,1
12816,0
12817,0
12818,0
12819,1
12820,3
12821,3
12822,2
12823,2
12824,0
12825,3
12826,1
12827,3
12828,1
12829,1
12830,3
12831,2
12832,3
12833,2
12834,1
12835,3
12836,2
12837,3
12838,2
12839,3
12840,1
12841,3
12842,1
12843,0
12844,2
12845,3
12846,2
12847,3
12848,3
12849,1
12850,2
12851,2
12852,3
12853,1
12854,2
12855,0
12856,1
12857,2
12858,3
12859,1
12860,2
12861,2
12862,1
12863,3
12864,1
12865,0
12866,1
12867,2
12868,0
12869,2
12870,2
12871,1
12872,3
12873,3
12874,1
12875,2
12876,1
12877,2
12878,3
12879,2
12880,3
12881,3
12882,2
12883,3
12884,1
12885,1
12886,3
12887,0
12888,0
12889,2
12890,2
12891,0
12892,3
12893,0
12894,3
12895,0
12896,1
12897,3
12898,0
12899,2
12900,2
12901,1
12902,0
12903,2
12904,2
12905,3
12906,2
12907,2
12908,1
12909,0
12910,3
12911,3
12912,3
12913,3
12914,1
12915,0
12916,2
12917,3
12918,2
12919,3
12920,1
12921,3
12922,0
12923,2
12924,2
12925,2
12926,0
12927,2
12928,0
12929,0
12930,2
12931,0
12932,2
12933,2
12934,2
12935,3
12936,2
12937,2
12938,2
12939,1
12940,1
12941,1
12942,0
12943,2
12944,1
12945,3
12946,0
12947,2
12948,2
12949,3
12950,2
12951,3
12952,0
12953,1
12954,0
12955,0
12956,0
12957,3
12958,2
12959,1
12960,0
12961,1
12962,0
12963,2
12964,1
12965,1
12966,2
12967,2
12968,3
12969,0
12970,1
12971,3
12972,2
12973,0
12974,3
12975,2
12976,1
12977,3
12978,2
12979,1
12980,2
12981,3
12982,0
12983,3
12984,1
12985,2
12986,3
12987,1
12988,1
12989,3
12990,3
12991,3
12992,1
12993,1
12994,3
12995,1
12996,2
12997,2
12998,0
12999,1
13000,0
13001,0
13002,2
13003,0
13004,0
13005,2
13006,1
13007,3
13008,3
13009,1
13010,2
13011,3
13012,2
13013,2
13014,1
13015,2
13016,2
13017,2
13018,0
13019,1
13020,1
13021,1
13022,1
13023,0
13024,0
13025,3
13026,0
13027,0
13028,2
13029,0
13030,3
13031,0
13032,0
13033,1
13034,2
13035,3
13036,2
13037,1
13038,2
13039,0
13040,0
13041,2
13042,2
13043,0
13044,0
13045,2
13046,0
13047,1
13048,1
13049,3
13050,1
13051,0
13052,1
13053,2
13054,3
13055,1
13056,3
13057,0
13058,1
13059,3
13060,0
13061,1
13062,3
13063,0
13064,1
13065,1
13066,2
13067,2
13068,0
13069,3
13070,0
13071,3
13072,1
13073,2
13074,2
13075,1
13076,1
13077,2
13078,3
13079,2
13080,2
13081,2
13082,2
13083,0
13084,1
13085,0
13086,1
13087,3
13088,2
13089,0
13090,2
13091,1
13092,2
13093,0
13094,3
13095,3
13096,3
13097,0
13098,1
13099,1
13100,1
13101,3
13102,3
13103,1
13104,1
13105,0
13106,1
13107,2
13108,1
13109,0
13110,1
13111,2
13112,1
13113,3
13114,0
13115,2
13116,2
13117,1
13118,2
13119,2
13120,2
13121,2
13122,1
13123,2
13124,0
13125,0
13126,3
13127,1
13128,0
13129,1
13130,0
13131,3
13132,2
13133,1
13134,1
13135,3
13136,2
13137,3
13138,1
13139,2
13140,2
13141,1
13142,0
13143,0
13144,2
13145,1
13146,0
13147,3
13148,0
13149,1
13150,3
13151,0
13152,2
13153,3
13154,1
13155,0
13156,0
13157,2
13158,1
13159,2
13160,1
13161,1
13162,0
13163,2
13164,3
13165,0
13166,0
13167,3
13168,1
13169,0
13170,0
13171,0
13172,2
13173,0
13174,3
13175,2
13176,1
13177,0
13178,3
13179,3
13180,3
13181,2
13182,1
13183,2
13184,2
13185,1
13186,0
13187,0
13188,3
13189,3
13190,2
13191,2
13192,0
13193,2
13194,1
13195,2
13196,0
13197,0
13198,2
13199,2
13200,1
13201,0
13202,0
13203,3
13204,2
13205,0
13206,3
13207,2
13208,1
13209,1
13210,3
13211,3
13212,3
13213,2
13214,1
13215,2
13216,3
13217,2
13218,1
13219,2
13220,0
13221,2
13222,0
13223,0
13224,1
13225,2
13226,2
13227,2
13228,2
13229,3
13230,2
13231,1
13232,3
13233,2
13234,3
13235,1
13236,1
13237,2
13238,1
13239,2
13240,3
13241,0
13242,2
13243,2
13244,2
13245,0
13246,2
13247,2
13248,0
13249,1
13250,0
13251,3
13252,1
13253,1
13254,2
13255,3
13256,0
13257,1
13258,3
13259,3
13260,0
13261,2
13262,1
13263,1
13264,2
13265,3
13266,3
13267,0
13268,3
13269,1
13270,2
13271,2
13272,0
13273,0
13274,0
13275,0
13276,3
13277,1
13278,1
13279,3
13280,1
13281,3
13282,3
13283,1
13284,2
13285,1
13286,3
13287,0
13288,2
13289,1
13290,3
13291,2
13292,3
13293,3
13294,3
13295,1
13296,3
13297,3
13298,2
13299,3
13300,3
13301,3
13302,3
13303,0
13304,0
13305,1
13306,3
13307,2
13308,2
13309,3
13310,2
13311,1
13312,1
13313,1
13314,3
13315,3
13316,2
13317,2
13318,2
13319,1
13320,2
13321,1
13322,1
13323,2
13324,2
13325,0
13326,1
13327,2
13328,1
13329,3
13330,3
13331,3
13332,3
13333,0
13334,2
13335,0
13336,0
13337,3
13338,3
13339,3
13340,1
13341,2
13342,2
13343,2
13344,0
13345,3
13346,3
13347,1
13348,3
13349,3
13350,3
13351,3
13352,2
13353,2
13354,3
13355,2
13356,1
13357,1
13358,1
13359,0
13360,1
13361,1
13362,1
13363,1
13364,1
13365,2
13366,0
13367,1
13368,0
13369,2
13370,3
13371,3
13372,3
13373,0
13374,3
13375,2
13376,2
13377,0
13378,0
13379,1
13380,2
13381,3
13382,1
13383,3
13384,1
13385,2
13386,1
13387,3
13388,1
13389,1
13390,2
13391,0
13392,3
13393,2
13394,2
13395,1
13396,0
13397,1
13398,0
13399,2
13400,3
13401,3
13402,3
13403,2
13404,3
13405,1
13406,1
13407,1
13408,1
13409,3
13410,3
13411,2
13412,2
13413,3
13414,2
13415,1
13416,1
13417,3
13418,1
13419,3
13420,3
13421,3
13422,2
13423,3
13424,0
13425,1
13426,0
13427,1
13428,1
13429,3
13430,3
13431,1
13432,0
13433,3
13434,3
13435,3
13436,1
13437,3
13438,2
13439,2
13440,2
13441,2
13442,3
13443,3
13444,3
13445,3
13446,1
13447,0
13448,1
13449,3
13450,1
13451,3
13452,3
13453,2
13454,1
13455,2
13456,2
13457,3
13458,2
13459,2
13460,3
13461,1
13462,2
13463,3
13464,0
13465,2
13466,2
13467,2
13468,2
13469,1
13470,2
13471,1
13472,1
13473,2
13474,3
13475,1
13476,2
13477,3
13478,3
13479,2
13480,3
13481,3
13482,1
13483,2
13484,2
13485,0
13486,3
13487,2
13488,2
13489,3
13490,2
13491,2
13492,3
13493,3
13494,2
13495,2
13496,1
13497,0
13498,0
13499,0
13500,3
13501,0
13502,3
13503,1
13504,1
13505,2
13506,2
13507,1
13508,1
13509,0
13510,1
13511,2
13512,1
13513,0
13514,1
13515,0
13516,1
13517,3
13518,2
13519,1
13520,1
13521,0
13522,2
13523,0
13524,1
13525,1
13526,2
13527,1
13528,1
13529,1
13530,0
13531,0
13532,0
13533,0
13534,3
13535,1
13536,3
13537,2
13538,0
13539,2
13540,2
13541,3
13542,0
13543,2
13544,2
13545,3
13546,3
13547,1
13548,2
13549,3
13550,1
13551,0
13552,3
13553,2
13554,1
13555,2
13556,3
13557,1
13558,3
13559,1
13560,0
13561,2
13562,0
13563,3
13564,0
13565,0
13566,0
13567,2
13568,1
13569,3
13570,1
13571,1
13572,1
13573,1
13574,2
13575,2
13576,2
13577,1
13578,1
13579,0
13580,0
13581,3
13582,0
13583,3
13584,3
13585,0
13586,3
13587,2
13588,1
13589,1
13590,1
13591,0
13592,0
13593,0
13594,1
13595,0
13596,1
13597,0
13598,1
13599,1
13600,3
13601,2
13602,1
13603,0
13604,2
13605,3
13606,1
13607,0
13608,2
13609,2
13610,3
13611,2
13612,1
13613,1
13614,1
13615,3
13616,3
13617,3
13618,2
13619,1
13620,3
13621,2
13622,0
13623,1
13624,0
13625,1
13626,2
13627,3
13628,2
13629,3
13630,0
13631,2
13632,0
13633,3
13634,1
13635,0
13636,1
13637,3
13638,0
13639,3
13640,1
13641,1
13642,2
13643,2
13644,0
13645,0
13646,3
13647,1
13648,0
13649,0
13650,2
13651,0
13652,1
13653,2
13654,0
13655,2
13656,0
13657,1
13658,3
13659,0
13660,2
13661,0
13662,3
13663,1
13664,2
13665,0
13666,1
13667,0
13668,0
13669,2
13670,2
13671,2
13672,1
13673,2
13674,1
13675,2
13676,1
13677,0
13678,1
13679,2
13680,2
13681,0
13682,3
13683,0
13684,2
13685,2
13686,3
13687,2
13688,0
13689,0
13690,0
13691,0
13692,1
13693,0
13694,0
13695,0
13696,0
13697,1
13698,3
13699,0
13700,1
13701,1
13702,1
13703,3
13704,3
13705,1
13706,3
13707,0
13708,2
13709,1
13710,2
13711,1
13712,1
13713,1
13714,2
13715,2
13716,0
13717,1
13718,1
13719,2
13720,0
13721,3
13722,0
13723,1
13724,1
13725,3
13726,3
13727,1
13728,3
13729,0
13730,3
13731,1
13732,0
13733,1
13734,1
13735,2
13736,0
13737,1
13738,3
13739,2
13740,3
13741,2
13742,1
13743,0
13744,3
13745,2
13746,0
13747,0
13748,0
13749,3
13750,1
13751,1
13752,3
13753,0
13754,2
13755,0
13756,2
13757,0
13758,0
13759,3
13760,3
13761,0
13762,1
13763,1
13764,2
13765,0
13766,1
13767,0
13768,3
13769,3
13770,1
13771,3
13772,0
13773,0
13774,1
13775,1
13776,2
13777,1
13778,1
13779,3
13780,0
13781,1
13782,2
13783,3
13784,1
13785,1
13786,2
13787,0
13788,0
13789,2
13790,3
13791,0
13792,1
13793,3
13794,3
13795,1
13796,0
13797,1
13798,1
13799,1
13800,2
13801,0
13802,2
13803,0
13804,0
13805,0
13806,0
13807,2
13808,0
13809,3
13810,3
13811,3
13812,0
13813,0
13814,2
13815,1
13816,2
13817,3
13818,0
13819,1
13820,2
13821,1
13822,2
13823,2
13824,3
13825,3
13826,0
13827,0
13828,1
13829,1
13830,1
13831,0
13832,0
13833,0
13834,3
13835,0
13836,3
13837,3
13838,3
13839,2
13840,1
13841,2
13842,0
13843,3
13844,2
13845,0
13846,3
13847,0
13848,1
13849,2
13850,3
13851,1
13852,3
13853,2
13854,0
13855,3
13856,1
13857,0
13858,1
13859,2
13860,1
13861,0
13862,2
13863,3
13864,0
13865,3
13866,3
13867,2
13868,0
13869,2
13870,0
13871,1
13872,1
13873,1
13874,0
13875,2
13876,2
13877,3
13878,3
13879,0
13880,0
13881,0
13882,3
13883,2
13884,3
13885,3
13886,3
13887,2
13888,3
13889,2
13890,0
13891,2
13892,1
13893,3
13894,1
13895,3
13896,2
13897,2
13898,1
13899,1
13900,2
13901,3
13902,2
13903,0
13904,1
13905,1
13906,3
13907,3
13908,1
13909,2
13910,1
13911,2
13912,3
13913,3
13914,0
13915,3
13916,1
13917,3
13918,0
13919,1
13920,0
13921,0
13922,2
13923,0
13924,0
13925,2
13926,2
13927,0
13928,2
13929,0
13930,1
13931,3
13932,0
13933,3
13934,1
13935,0
13936,3
13937,0
13938,0
13939,3
13940,2
13941,3
13942,0
13943,2
13944,0
13945,0
13946,3
13947,2
13948,0
13949,0
13950,1
13951,0
13952,3
13953,1
13954,0
13955,1
13956,1
13957,1
13958,2
13959,0
13960,3
13961,2
13962,3
13963,1
13964,3
13965,0
13966,0
13967,3
13968,3
13969,2
13970,1
13971,1
13972,2
13973,1
13974,3
13975,2
13976,1
13977,1
13978,2
13979,0
13980,2
13981,1
13982,0
13983,1
13984,1
13985,1
13986,2
13987,2
13988,2
13989,1
13990,2
13991,3
13992,3
13993,1
13994,2
13995,0
13996,1
13997,2
13998,1
13999,3
